wordpress_id,title,slug,url,modified_gmt,body_sha256
3416,Convênios,convenios,https://clinicadeolhosbenchimol.com.br/convenios/,2025-11-06T15:44:22,be0e743980d0cd015868bd6d7b96bd36618d32b0dea84526b3c5e552dd2ca3c4
3368,Dr. Gabriel Benchimol,dr-gabriel-benchimol,https://clinicadeolhosbenchimol.com.br/dr-gabriel-benchimol/,2025-11-06T15:53:58,6b9776d1115a5b957540bb3f6eb4325059e8cde7e74124879b93928ac0d75578
3357,Dr. Raphael Lima Benchimol,dr-raphael-lima-benchimol,https://clinicadeolhosbenchimol.com.br/dr-raphael-lima-benchimol/,2025-11-06T15:59:37,cfe77f4003269bdd854b5711a33fbf8e4b338fb5d9884b8b1d9767067a89e4d5
3342,Dra. Veronica Benchimol,dra-veronica-benchimol,https://clinicadeolhosbenchimol.com.br/dra-veronica-benchimol/,2025-11-06T16:10:32,4f8b7a9afe5803debc19455c81d79f7c945d02e480b963a4332c75f7cc920349
3300,Dr. Sergio Benchimol,dr-sergio-benchimol,https://clinicadeolhosbenchimol.com.br/dr-sergio-benchimol/,2025-11-06T16:04:45,fd525f5a01a777cb47f8cdebbcc654afbd7e814b3434e5871f8ae7439dd878a7
3241,Olho Seco,olho-seco,https://clinicadeolhosbenchimol.com.br/olho-seco/,2025-10-30T19:47:42,b6c8d634238e9efd694d287afbe36ea9e213deff9a766de4124949fe16045384
3216,Cirurgia Refrativa,cirurgia-refrativa,https://clinicadeolhosbenchimol.com.br/cirurgia-refrativa/,2025-11-06T15:40:37,ab83266b663962d22d53f9c1f713eb0917fb3855001d502ee09e5bc76ebcea13
3205,Glaucoma,glaucoma,https://clinicadeolhosbenchimol.com.br/glaucoma/,2025-11-17T22:52:49,be1d8ecf1b2ef6a9c4402d5db5b7811aa14591e714bd32dc36d24f7aa0ac1836
3198,Degeneração Macular Relacionada à Idade – DMRI,degeneracao-macular,https://clinicadeolhosbenchimol.com.br/degeneracao-macular/,2025-11-06T15:48:53,ff030787196c016c0de2db6ac45c2b2a7a952a17b9a988af5a2e3e21c65d075a
3167,Retinopatia Diabética,retinopatia-diabetica,https://clinicadeolhosbenchimol.com.br/retinopatia-diabetica/,2025-10-30T19:47:59,918ad7701e0784aaa94cdc97b777b30f8f37c4edc679d77ba240491859af21f0
3156,Catarata,catarata,https://clinicadeolhosbenchimol.com.br/catarata/,2025-11-06T15:37:41,9576da194094fade867a9877374928d5c9c6f8b546cc45a2829d58e8414fd857
3138,Exames e Procedimentos,exames-e-procedimentos,https://clinicadeolhosbenchimol.com.br/exames-e-procedimentos/,2025-11-06T16:54:03,e89af4ad8681c1baa0163506d2df771340d8b0bedf2a77613c51945965fed609
3067,FAQ – Dúvidas Frequentes,faq-perguntas-frequentes,https://clinicadeolhosbenchimol.com.br/faq-perguntas-frequentes/,2025-11-06T16:58:36,ddd410936d06dc4a052c649550d9ad5442c2b587938b78ee33f41a10a316ba8f
2889,Equipe,equipe,https://clinicadeolhosbenchimol.com.br/equipe/,2025-11-06T16:16:22,b2fe307deda4605823e533079568ae869196a1fc3e56e3be36ad0f2937f2c874
2876,Serviços,servicos,https://clinicadeolhosbenchimol.com.br/servicos/,2025-10-30T19:48:06,7efef404d524ee984d2bd0298c06da459d0124526585a91b499fb05ae832c5d1
2843,Sobre Nós,sobre-nos,https://clinicadeolhosbenchimol.com.br/sobre-nos/,2025-10-30T19:48:26,7a53ea89f999d00585dd44b235e60b2a0bd7aa9f3d383dae30f3865668dbbd98
2735,Home,nova-home,https://clinicadeolhosbenchimol.com.br/,2026-02-09T12:49:01,eaa895aa50465a59ce00c45f575d005e82db1627651c0c6bce73799f4a71aa26
1409,Internacional,insternacional,https://clinicadeolhosbenchimol.com.br/insternacional/,2024-05-10T13:01:28,0f3ee75b52b1fa6f77aa48e11e4108c6d23dfcdb3b2f9642fcdb4924367defe5
1095,Especialidades,especialidades,https://clinicadeolhosbenchimol.com.br/especialidades/,2025-09-17T16:30:18,07a198ef226c0a951d6a21d42e8fe4d22e4574bf9a70e67498f067ccb7ed356c
1079,certificações,certificacoes,https://clinicadeolhosbenchimol.com.br/certificacoes/,2024-05-09T20:04:35,b10f97380a83de259c8f0c6972637ddd0e0dc157e11acd8d74fc48c312441c2f
996,Equipamentos,equipamentos,https://clinicadeolhosbenchimol.com.br/equipamentos/,2024-05-10T12:36:36,55959d1151160d266d6cf19c85767ca17c25f94e53f711b11b14bb583d40103a
919,Instalações,instalacoes,https://clinicadeolhosbenchimol.com.br/instalacoes/,2024-05-10T13:00:40,5a31f859031488a3b2d16288f27d47cb32bbe8de431314b0cc0c2475458c5148
903,Dra. Francine Campos Hauck,dra-francine-campos-hauck,https://clinicadeolhosbenchimol.com.br/dra-francine-campos-hauck/,2024-05-10T12:33:04,a3831bc0cae64b71304353104ed5949b62f7aebbcdb8ad9178ff215d135cc27e
902,Dr. Paulo de Heráclito Lima Filho,dr-paulo-de-heraclito-lima-filho,https://clinicadeolhosbenchimol.com.br/dr-paulo-de-heraclito-lima-filho/,2024-05-10T12:29:15,d5e182b477aa1b435922f3e29a545afef7e148803ceef4968c508ebfa027ddf7
894,Dra. Dilma de Sá Cavalcanti do Vale,dra-dilma-de-sa-cavalcanti-do-vale,https://clinicadeolhosbenchimol.com.br/dra-dilma-de-sa-cavalcanti-do-vale/,2024-05-10T12:32:43,100fe510385c2112ec636f4b62f27d3eade9219c6424f5c1a683840e62809ea4
886,Dra. Mônica de Oliveira Coelho,dra-monica-de-oliveira-coelho,https://clinicadeolhosbenchimol.com.br/dra-monica-de-oliveira-coelho/,2024-05-10T12:34:16,096849bcd6b58861cf5fc7749bbe088e7da63f1b6c5a62d81e2e422d1d7c0ac5
875,Dra. Amélia Gomes de Souza,dra-amelia-gomes-de-souza,https://clinicadeolhosbenchimol.com.br/dra-amelia-gomes-de-souza/,2024-05-10T12:32:07,93b4e56185f2463222c117d0d9fa5b0cd2ec7aafd551eee261a08695a7523160
857,Dr. Eduardo Lessa Martinez,dr-eduardo-lessa-martinez,https://clinicadeolhosbenchimol.com.br/dr-eduardo-lessa-martinez/,2024-05-10T12:25:10,66ba8ba9c3a10ebd33e7a1c871c902ae22377d3349927340f0bb88025e994eb7
846,Dr. Amir Zisman,dr-amir-zisman,https://clinicadeolhosbenchimol.com.br/dr-amir-zisman/,2024-05-10T13:11:31,88c0e759ae9a2bc4abce57bc333f9a372b946caac087f8ddb7a03d73c6cda024
834,Dr. Luciano Galhardo de Barros,dr-luciano-galhardo-de-barros,https://clinicadeolhosbenchimol.com.br/dr-luciano-galhardo-de-barros/,2024-05-10T12:28:30,1982c5e0e3677c8d8effbba5bdf9f33aa11423692119f9e20bed0d61baf4ed7c
810,Dr. Eliezer Benchimol,dr-eliezer-benchimol,https://clinicadeolhosbenchimol.com.br/dr-eliezer-benchimol/,2024-05-10T12:26:42,7324c19c916d0ccc2d79f5b37dff06d28a6bd931f4ac49169214cb48de11cbd6
798,Dra. Liana Benchimol,dra-liana-benchimol,https://clinicadeolhosbenchimol.com.br/dra-liana-benchimol/,2024-05-10T12:33:26,205491d2cb288752de9f9a0903ce93ef583e0549f4c7df2ed32f83d73ed3e621
781,Dra. Adriana Benchimol,dra-adriana-benchimol,https://clinicadeolhosbenchimol.com.br/dra-adriana-benchimol/,2024-05-10T12:31:08,1dc182616c1f0acc0243d4265b2dfad96bc9d997f527006d0e9ebed1a6ea0b0e
770,Dra. Mirelle Benchimol,dra-mirelle-benchimol,https://clinicadeolhosbenchimol.com.br/dra-mirelle-benchimol/,2024-05-10T12:33:51,256716955b53852c0c786afe8f9f45bb7ad2d00f260b0d67a0ae277edadf51da
762,Dra. Nina Benchimol,dra-nina-benchimol,https://clinicadeolhosbenchimol.com.br/dra-nina-benchimol/,2024-05-10T12:35:04,b7172bc0125415b009f717af9534185c113a3b0b4c43ecd40b522a0f02c8f0bf
659,Dr. Sérgio Benchimol,dr-sergio-benchimol-old,https://clinicadeolhosbenchimol.com.br/dr-sergio-benchimol-old/,2025-10-30T19:43:02,30573978ec57859772ac958dd1e08ed40c84516ae6090a0cf03a5c2ed9cb8ee8
307,Blog,blog,https://clinicadeolhosbenchimol.com.br/blog/,2025-08-21T17:06:49,ac00f7e6b8e7b8a21f2138e75f49a8d04987b34944ff9b0b41dad37d7c51420a
2,Sample Page,sample-page,https://clinicadeolhosbenchimol.com.br/sample-page/,2023-01-05T14:45:27,e37240d3296a465c5cc3fedfbd737bb3e1283ab2d98d02ad9f40dc4bec557a6a
