wordpress_id,title,slug,url,published_local_wordpress,published_gmt,modified_gmt,categories,tags,author_wp_id,featured_media_id,comment_status,body_sha256,body_bytes
3806,O que é o mapeamento da retina e quando esse exame oftalmológico é indicado?,o-que-e-o-mapeamento-da-retina-e-quando-esse-exame-oftalmologico-e-indicado,https://clinicadeolhosbenchimol.com.br/o-que-e-o-mapeamento-da-retina-e-quando-esse-exame-oftalmologico-e-indicado/,2026-01-07T18:15:14,2026-01-07T18:15:14,2026-01-07T18:15:16,Oftalmologia,exame | mapeamento de retina | oftalmologia | oftalmologista | retina,2,3808,open,429cd74dd3a09c3423e335b7f8375578aab82c6fff3f1c8b362e2891aaf1b1d0,10530
3778,Os Marcos de Décadas da Clínica de Olhos Benchimol,os-marcos-de-decadas-da-clinica-de-olhos-benchimol,https://clinicadeolhosbenchimol.com.br/os-marcos-de-decadas-da-clinica-de-olhos-benchimol/,2025-12-17T14:47:01,2025-12-17T14:47:01,2025-12-17T14:47:02,Oftalmologia,80 anos | aniversário | oftalmologia,2,3779,open,5c482a4964e56f8d489eae776b8b645fc72e82292c1d315bcd4e7addc17dd50c,7987
3775,Moscas volantes: sintoma comum ou alerta de perigo?,moscas-volantes-sintoma-comum-ou-alerta-de-perigo,https://clinicadeolhosbenchimol.com.br/moscas-volantes-sintoma-comum-ou-alerta-de-perigo/,2025-12-17T14:29:46,2025-12-17T14:29:46,2025-12-17T14:29:47,Oftalmologia,catarata | exame | moscas volantes | oftalmologia | oftalmologista | visão,2,3776,open,4258ae04ba4a78eed46485a6ee3aa3c1c88f348cfc45970af377be10d9868d08,11001
3736,DMRI seca e úmida: saiba quais são as diferenças,dmri-seca-e-umida-saiba-quais-sao-as-diferencas,https://clinicadeolhosbenchimol.com.br/dmri-seca-e-umida-saiba-quais-sao-as-diferencas/,2025-11-28T20:26:14,2025-11-28T20:26:14,2025-11-28T20:26:16,Blog | Oftalmologia,DMRI | exame | oftalmologia | oftalmologista | visão,2,3737,open,eee1b7452eef020f0056cdd5163938768830e9e530cc9b0731be7551575c04d8,13030
3732,Diabetes pode causar cegueira? Entenda os riscos e como evitar,diabetes-pode-causar-cegueira-entenda-os-riscos-e-como-evitar,https://clinicadeolhosbenchimol.com.br/diabetes-pode-causar-cegueira-entenda-os-riscos-e-como-evitar/,2025-11-28T20:13:05,2025-11-28T20:13:05,2025-11-28T20:13:06,Blog,cegueira | exame | oftalmologia | oftalmologista | tratamento,2,3733,open,1511f0299db02222f2404386661d1b9ca8bff66697655dc47d4e7374a653f313,16517
3636,A importância dos exames oftalmológicos de rotina após os 50 anos ,a-importancia-dos-exames-oftalmologicos-de-rotina-apos-os-50-anos,https://clinicadeolhosbenchimol.com.br/a-importancia-dos-exames-oftalmologicos-de-rotina-apos-os-50-anos/,2025-10-02T14:47:50,2025-10-02T14:47:50,2025-10-02T14:47:51,Oftalmologia,exames oftalmológicos | oftalmologia | oftalmologista | saúde ocular,2,3637,open,9a302a3121a3bcc95e6731bcf9e62aabc53de29b3d4b3a5a79fc66f13b16eee5,8533
3632,Por que a acuidade visual pode piorar com o avanço da idade?,por-que-a-acuidade-visual-pode-piorar-com-o-avanco-da-idade,https://clinicadeolhosbenchimol.com.br/por-que-a-acuidade-visual-pode-piorar-com-o-avanco-da-idade/,2025-10-02T13:41:48,2025-10-02T13:41:48,2025-10-02T13:41:49,Oftalmologia,acuidade visual | oftalmologista | saúde visual,2,3633,open,f1ea913d352dab3ea483d040d55ed98b418d72803a321dd14dd6263302378d58,11806
3444,Como funciona a injeção intravítrea para o tratamento de condições da mácula,como-funciona-a-injecao-intravitrea-para-o-tratamento-de-condicoes-da-macula,https://clinicadeolhosbenchimol.com.br/como-funciona-a-injecao-intravitrea-para-o-tratamento-de-condicoes-da-macula/,2025-09-03T12:43:56,2025-09-03T12:43:56,2025-09-03T12:43:57,Oftalmologia,injeção intravítrea | mácula | oftalmologia | oftalmologista | tratamento,2,3445,open,54b7b59a69d4e47456f90e20fbb60859391e356d0f4b808e232dcd3a280490f4,10251
3441,A importância do OCT para pacientes com catarata,a-importancia-do-oct-para-pacientes-com-catarata,https://clinicadeolhosbenchimol.com.br/a-importancia-do-oct-para-pacientes-com-catarata/,2025-09-03T12:08:26,2025-09-03T12:08:26,2025-09-03T12:08:27,Oftalmologia,catarata | exame | oct | oftalmologia | oftalmologista,2,3442,open,f0820a68a4b462620e1fe7eb92efd2bd87d2a5b1ead105260dc849fbb11b11de,10359
2840,5 Sinais de que sua visão precisa de atenção imediata,5-sinais-de-que-sua-visao-precisa-de-atencao-imediata,https://clinicadeolhosbenchimol.com.br/5-sinais-de-que-sua-visao-precisa-de-atencao-imediata/,2025-08-06T12:44:50,2025-08-06T12:44:50,2025-08-06T12:44:51,Oftalmologia,oftalmologia | oftalmologista | visão,2,2841,open,16e09e46f02e8765277117febf9588a7f0fa287b29deda2b6b97b63506351e39,5013
2835,Existe um oftalmologista especialista em mácula?,existe-um-oftalmologista-especialista-em-macula,https://clinicadeolhosbenchimol.com.br/existe-um-oftalmologista-especialista-em-macula/,2025-08-06T12:29:25,2025-08-06T12:29:25,2025-08-06T12:29:26,Oftalmologia,DMRI | mácula | oftalmologista,2,2836,open,4e498f8533c441927b4c1561985ac3ac3912631ae5595cde6d7de2204ae0ff4e,6958
2831,Como identificar os primeiros sinais de catarata,como-identificar-os-primeiros-sinais-de-catarata,https://clinicadeolhosbenchimol.com.br/como-identificar-os-primeiros-sinais-de-catarata/,2025-08-04T11:20:51,2025-08-04T11:20:51,2025-08-04T11:20:52,Oftalmologia,catarata,2,2832,open,38c0b0354f152db6d7cbb37a4938c58965c2a9bfe4068a5645e4bce245f1577d,5185
2599,A importância dos exames oftalmológicos regulares,a-importancia-dos-exames-oftalmologicos-regulares,https://clinicadeolhosbenchimol.com.br/a-importancia-dos-exames-oftalmologicos-regulares/,2025-07-17T15:19:02,2025-07-17T15:19:02,2025-07-17T15:19:03,Oftalmologia,,2,2600,open,f555549037da28ffd849a5df738b2cef36ee896aa881b1ab11a28c92fb84a2bc,7012
2593,"Olho seco no inverno: causas, sintomas e como tratar",olho-seco-no-inverno-causas-sintomas-e-como-tratar,https://clinicadeolhosbenchimol.com.br/olho-seco-no-inverno-causas-sintomas-e-como-tratar/,2025-07-02T13:59:51,2025-07-02T13:59:51,2025-07-02T13:59:52,Oftalmologia,,2,2594,open,f762224c31e0725242f884fd70a76db7b1321d30bc5dcc62d686264b53bcf9d5,11201
2590,Junho Violeta: por que prevenir o ceratocone é tão importante?,junho-violeta-por-que-prevenir-o-ceratocone,https://clinicadeolhosbenchimol.com.br/junho-violeta-por-que-prevenir-o-ceratocone/,2025-07-02T13:53:55,2025-07-02T13:53:55,2025-07-02T13:53:56,Oftalmologia,,2,2591,open,ecd78d26de6cdf5528e93cfc1adf51797337c7869b727110cece8519c9881027,9883
2573,Glaucoma: prevenção e diagnóstico precoce no Maio Verde,glaucoma-prevencao-e-diagnostico-precoce-no-maio-verde,https://clinicadeolhosbenchimol.com.br/glaucoma-prevencao-e-diagnostico-precoce-no-maio-verde/,2025-05-27T17:48:16,2025-05-27T17:48:16,2025-05-28T19:39:04,Blog,,2,2574,open,65602ad85fdb98d4addb0a9f8553e9917245cfd61f590f90417d719f3e486452,12472
2568,"Tipos de Catarata: sintomas, causas e cirurgia ",tipos-de-catarata-sintomas-causas-e-cirurgia,https://clinicadeolhosbenchimol.com.br/tipos-de-catarata-sintomas-causas-e-cirurgia/,2025-05-27T17:25:27,2025-05-27T17:25:27,2025-05-27T17:25:28,Blog,,2,2571,open,4be34c44f2dde31b9a7bcf7c12797b817f95fd625ed02adf9f03bef33d5540fe,11040
2542,Como o Transtorno do Espectro Autista (TEA) pode afetar a visão?,como-o-transtorno-do-espectro-autista-tea-pode-afetar-a-visao,https://clinicadeolhosbenchimol.com.br/como-o-transtorno-do-espectro-autista-tea-pode-afetar-a-visao/,2025-04-28T16:40:19,2025-04-28T16:40:19,2025-05-06T19:45:51,Blog,,2,2543,open,5e8b736bda381e4981a02f5ac6f9524247fac1e33a1011eb936bf3bf6106a3ac,10132
2538,Abril Marrom: a importância de cuidar da visão,abril-marrom-a-importancia-de-cuidar-da-visao,https://clinicadeolhosbenchimol.com.br/abril-marrom-a-importancia-de-cuidar-da-visao/,2025-04-28T14:44:30,2025-04-28T14:44:30,2025-05-06T19:40:31,Blog,,2,2536,open,488a3429d0f6f3874bcd8fc0501a06f82d7ec4a4635eadc802b3fa65c639f011,10827
2515,Mulheres e DMRI: qual é a relação após os 60 anos?,mulheres-e-dmri-qual-e-a-relacao-apos-os-60-anos,https://clinicadeolhosbenchimol.com.br/mulheres-e-dmri-qual-e-a-relacao-apos-os-60-anos/,2025-03-26T13:24:28,2025-03-26T13:24:28,2025-05-06T19:47:11,Blog,,2,2519,open,907aecc3baf867143b86a42dc28c327eb225e67f1cbc9c35de4e45335d9702ec,8652
2512,Olho Seco na Menopausa: Há influência?,olho-seco-na-menopausa-ha-influencia,https://clinicadeolhosbenchimol.com.br/olho-seco-na-menopausa-ha-influencia/,2025-03-26T13:24:06,2025-03-26T13:24:06,2025-05-06T19:47:46,Blog,,2,2516,open,bb133c8a39584004b02faa81ff09b2dee4892536b0fd2f16213147e5f4696ad4,9087
2474,Cirurgia Refrativa: O que é e Indicações,cirurgia-refrativa-o-que-e-e-indicacoes,https://clinicadeolhosbenchimol.com.br/cirurgia-refrativa-o-que-e-e-indicacoes/,2025-02-06T18:25:42,2025-02-06T18:25:42,2025-05-06T19:49:13,Blog,,2,2483,open,d906c1d49f306d4900a3a0409eb29d090b2bf69deeb8332cbba006e41939a450,8182
2468,Cuidados com os Olhos no Carnaval,cuidados-com-os-olhos-no-carnaval,https://clinicadeolhosbenchimol.com.br/cuidados-com-os-olhos-no-carnaval/,2025-02-06T18:16:32,2025-02-06T18:16:32,2025-05-06T19:49:25,Blog,,2,2481,open,b0280d498a08b92d933a0ae16808b3bc2534dca26e5d4e97397ca7c8630ca949,7408
2448,Quando devo usar óculos?,quando-devo-usar-oculos,https://clinicadeolhosbenchimol.com.br/quando-devo-usar-oculos/,2025-01-31T12:49:38,2025-01-31T12:49:38,2025-05-06T19:49:33,Blog,,2,2449,open,dcd8794cd2d1b756e077995648f824aefbfe9f8a220bd2518b05ada0afd19767,11853
2445,Doenças Oculares mais Comuns,doencas-oculares-mais-comuns,https://clinicadeolhosbenchimol.com.br/doencas-oculares-mais-comuns/,2025-01-31T12:48:48,2025-01-31T12:48:48,2025-05-06T19:49:49,Blog,,2,2461,open,732ac1fe67816339933d6fa2b6dc099bc1f1b0eccd856fdd220ab4084f79d38e,11260
2363,Cuidados com os Olhos no Verão,cuidados-com-os-olhos-no-verao-2,https://clinicadeolhosbenchimol.com.br/cuidados-com-os-olhos-no-verao-2/,2024-12-26T12:55:59,2024-12-26T12:55:59,2024-12-26T12:56:00,Oftalmologia,,2,2364,open,99b76a6d080a050cc3bc5114cd1d96ef5b6a333d30a683d4a7fdc56fa4929eff,8083
2360,Cuidados com a Visão Durante a Prática de Atividades Físicas,cuidados-com-a-visao-durante-a-pratica-de-atividades-fisicas,https://clinicadeolhosbenchimol.com.br/cuidados-com-a-visao-durante-a-pratica-de-atividades-fisicas/,2024-12-26T12:54:54,2024-12-26T12:54:54,2024-12-26T12:54:55,Oftalmologia,,2,2361,open,858d0d06c9135a7afa5382608f4aed187c731cadf36ae0c4dceba17b6f887644,13667
2342,Clínica de Olhos Benchimol: Tradição e Inovação em Oftalmologia,clinica-de-olhos-benchimol-tradicao-e-inovacao-em-oftalmologia,https://clinicadeolhosbenchimol.com.br/clinica-de-olhos-benchimol-tradicao-e-inovacao-em-oftalmologia/,2024-11-22T21:02:14,2024-11-22T21:02:14,2024-11-22T21:03:08,Oftalmologia,,2,2343,open,90ae17ea67d54ed81e640edd98586b8890a551371232dc550a3173a573c8a12d,12792
2338,"O que é Glaucoma: Sintomas, Causas, Tipos e Tratamento",o-que-e-glaucoma-sintomas-causas-tipos-e-tratamento,https://clinicadeolhosbenchimol.com.br/o-que-e-glaucoma-sintomas-causas-tipos-e-tratamento/,2024-11-22T20:32:29,2024-11-22T20:32:29,2024-11-22T20:33:12,Oftalmologia,,2,2339,open,6887c77ca6c6ac42f42012b839ce680fedcbec9fd642c9a9c8074274224e6ea3,14351
2305,"Degeneração Macular: Sintomas, Causas, Tipos e Tratamento",degeneracao-macular-sintomas-causas-tipos-e-tratamento,https://clinicadeolhosbenchimol.com.br/degeneracao-macular-sintomas-causas-tipos-e-tratamento/,2024-10-18T19:03:24,2024-10-18T19:03:24,2024-10-18T19:03:25,Oftalmologia,,2,2306,open,30a579fabe72a37e40db6bbc60e1c525ce3e9d6e5f284108a0d26363604f6064,14656
2302,"Retinopatia Diabética: Sintomas, Causas, Tipos e Tratamento",retinopatia-diabetica-sintomas-causas-tipos-e-tratamento,https://clinicadeolhosbenchimol.com.br/retinopatia-diabetica-sintomas-causas-tipos-e-tratamento/,2024-10-18T18:58:38,2024-10-18T18:58:38,2024-10-18T18:58:39,Oftalmologia,,2,2303,open,583fc3e1390cfe349f3cb94e887d1638a2e134e8b72d7ed0fe5faab310d3fd62,8507
2285,Clínica Benchimol: Oftalmologia e Centro de Tratamento de Catarata,clinica-benchimol-oftalmologia-e-centro-de-tratamento-de-catarata,https://clinicadeolhosbenchimol.com.br/clinica-benchimol-oftalmologia-e-centro-de-tratamento-de-catarata/,2024-09-16T14:43:49,2024-09-16T14:43:49,2024-10-18T18:55:06,Oftalmologia,,2,2286,open,a6534b4e145111c837f1513b560afbf9064fdb0ceededc43986aba7d59e2e747,15470
2271,"Catarata: Sintomas, Causas, Tipos e Tratamento",catarata-sintomas-causas-tipos-e-tratamento,https://clinicadeolhosbenchimol.com.br/catarata-sintomas-causas-tipos-e-tratamento/,2024-09-16T14:27:46,2024-09-16T14:27:46,2024-09-16T14:34:42,Oftalmologia,,2,2275,open,655fff6622f964d8e3c61b924cc9b02b3347b164ac3739177f0355dae1316394,15887
2258,Dicas de cuidados com os olhos no frio,dicas_cuidado_olhos_frio,https://clinicadeolhosbenchimol.com.br/dicas_cuidado_olhos_frio/,2024-06-20T19:12:00,2024-06-20T19:12:00,2024-09-16T14:33:53,Oftalmologia,,2,2259,open,8e264f4d5b2d2284b5ec36177538206cc35f93be23553b939e73a04a10f2da0f,5533
2253,"Estrabismo: o que é, causas, sintomas e tratamentos",estrabismo-causas-sintomas-tratamentos,https://clinicadeolhosbenchimol.com.br/estrabismo-causas-sintomas-tratamentos/,2024-05-21T17:04:55,2024-05-21T17:04:55,2024-05-21T17:04:55,Oftalmologia,,2,2254,open,2e4738cd024f2318de470c0d79129e0923611c490e0340bf360d92f043604550,5539
2197,Tudo sobre a cirurgia de catarata: vantagens e riscos do procedimento,tudo-sobre-a-cirurgia-de-catarata-vantagens-e-riscos-do-procedimento,https://clinicadeolhosbenchimol.com.br/tudo-sobre-a-cirurgia-de-catarata-vantagens-e-riscos-do-procedimento/,2024-04-16T13:00:00,2024-04-16T13:00:00,2024-05-03T13:08:06,Blog | Oftalmologia,,2,2198,open,fe5ead7d675b80e6ff30960427b0429d697bb8dcc854fc7f5175dd8293b0089b,5936
2168,"Quais diferenças entre miopia, hipermetropia e astigmatismo?",quais-diferencas-entre-miopia-hipermetropia-e-astigmatismo,https://clinicadeolhosbenchimol.com.br/quais-diferencas-entre-miopia-hipermetropia-e-astigmatismo/,2024-03-12T12:55:00,2024-03-12T12:55:00,2024-05-03T12:56:56,Blog | Oftalmologia,,2,2170,open,f3f4b6a681ba2e67883837a6e1cbfd68e411d2dc14cfa333a7d166289fa79021,7340
2158,Desmistificando a Cirurgia de Catarata: 5 Mitos e Verdades Cruciais,desmistificando-a-cirurgia-de-catarata-5-mitos-e-verdades-cruciais,https://clinicadeolhosbenchimol.com.br/desmistificando-a-cirurgia-de-catarata-5-mitos-e-verdades-cruciais/,2024-02-24T15:42:57,2024-02-24T15:42:57,2024-03-05T15:49:38,Blog | Oftalmologia,,2,2162,open,daf56cc5e89f17b04681a93276b1e4ec1a2e95b4cfc50f65f6543a4c468f65f6,7830
2156,Mitos e verdades sobre olhos claros: entenda os cuidados necessários para manter a saúde ocular.,mitos-e-verdades-sobre-olhos-claros-entenda-os-cuidados-necessarios-para-manter-a-saude-ocular-2,https://clinicadeolhosbenchimol.com.br/mitos-e-verdades-sobre-olhos-claros-entenda-os-cuidados-necessarios-para-manter-a-saude-ocular-2/,2024-01-19T15:40:53,2024-01-19T15:40:53,2024-03-05T15:44:42,Blog | Oftalmologia,,2,2159,open,95220db5a5f6cf953ca4d46ccf79276c32599e039b4e401ca6b3944c49c8f453,7432
17,"Cirurgia refrativa: quais as indicações, como é feita e quais os cuidados no pós-operatório",cirurgia-refrativa-quais-as-indicacoes-como-e-feita-e-quais-os-cuidados-no-pos-operatorio,https://clinicadeolhosbenchimol.com.br/cirurgia-refrativa-quais-as-indicacoes-como-e-feita-e-quais-os-cuidados-no-pos-operatorio/,2023-12-19T15:45:03,2023-12-19T15:45:03,2024-03-05T15:00:56,Oftalmologia,,2,247,open,f1c5223a7e5284650c72984d705a52f924402a6bb85150ec711106dddd4aa7fd,6157
2152,Dicas para prevenir a conjuntivite bacteriana.,dicas-para-prevenir-a-conjuntivite-bacteriana,https://clinicadeolhosbenchimol.com.br/dicas-para-prevenir-a-conjuntivite-bacteriana/,2023-12-05T15:37:22,2023-12-05T15:37:22,2024-03-05T15:39:49,Blog | Oftalmologia,,2,2154,open,a8c92793e1f47b13cb3b4f3376b3f1072dbf597b410403e83eb99a3f797fb027,4758
2148,Cuidados com os olhos na menopausa,cuidados-com-os-olhos-na-menopausa,https://clinicadeolhosbenchimol.com.br/cuidados-com-os-olhos-na-menopausa/,2023-11-24T15:33:52,2023-11-24T15:33:52,2024-03-05T15:36:56,Blog | Oftalmologia,,2,2150,open,af86bb236c29f820ceba673568f104baf66ee413a419a6ce9a371b074dac6529,7334
2144,Alerta de cuidado para maquiagens nos olhos no Halloween,alerta-de-cuidado-para-maquiagens-nos-olhos-no-halloween,https://clinicadeolhosbenchimol.com.br/alerta-de-cuidado-para-maquiagens-nos-olhos-no-halloween/,2023-10-23T15:28:55,2023-10-23T15:28:55,2024-03-05T15:33:41,Blog | Oftalmologia,,2,2142,open,6df55328a33b33d985bf9b084baf0f1ea6fb21839762f102950bb3b3a3ea32cd,8223
2140,Claridade incomodando a visão? Conheça possíveis causas e como tratar,claridade-incomodando-a-visao-conheca-possiveis-causas-e-como-tratar,https://clinicadeolhosbenchimol.com.br/claridade-incomodando-a-visao-conheca-possiveis-causas-e-como-tratar/,2023-09-27T15:25:08,2023-09-27T15:25:08,2024-03-05T15:28:14,Blog | Oftalmologia,,2,2142,open,812d9ebe57e5c8dba0a0b8bc5abd3924af4bde38f1e0582445b0f07a50d0adeb,7486
2136,"Pterígio: o que é, como tratar, como prevenir",pterigio-o-que-e-como-tratar-como-prevenir,https://clinicadeolhosbenchimol.com.br/pterigio-o-que-e-como-tratar-como-prevenir/,2023-08-22T15:20:34,2023-08-22T15:20:34,2024-03-05T15:24:12,Blog | Oftalmologia,,2,2138,open,4b4eb23b171620df781de95ad2cbf8c0adb38a2b06e9af702affe2de44d4431c,8503
2132,Glaucoma congênito: o que é e por que o diagnóstico precoce é fundamental,glaucoma-congenito-o-que-e-e-por-que-o-diagnostico-precoce-e-fundamental,https://clinicadeolhosbenchimol.com.br/glaucoma-congenito-o-que-e-e-por-que-o-diagnostico-precoce-e-fundamental/,2023-07-24T15:17:30,2023-07-24T15:17:30,2024-03-05T15:20:19,Blog | Oftalmologia,,2,2134,open,52f194b67a3fdfca2fafe9768355b3a7695e9fc1be2369d056a1636f4d2725ef,7581
2128,Infecção ocular: o que o caso do ator de Game of Thrones pode nos ensinar sobre isso e como evitar,infeccao-ocular-o-que-o-caso-do-ator-de-game-of-thrones-pode-nos-ensinar-sobre-isso-e-como-evitar,https://clinicadeolhosbenchimol.com.br/infeccao-ocular-o-que-o-caso-do-ator-de-game-of-thrones-pode-nos-ensinar-sobre-isso-e-como-evitar/,2023-06-28T15:14:46,2023-06-28T15:14:46,2024-03-05T15:17:13,Blog | Oftalmologia,,2,2130,open,c7fdb438a41023a34fa8a1ccc24d35cffc39eda6d28246849135c82a417ee11f,7834
2124,Glaucoma e catarata: quais as diferenças entre eles?,glaucoma-e-catarata-quais-as-diferencas-entre-eles,https://clinicadeolhosbenchimol.com.br/glaucoma-e-catarata-quais-as-diferencas-entre-eles/,2023-04-30T15:12:31,2023-04-30T15:12:31,2024-03-05T15:14:30,Blog | Oftalmologia,,2,2126,open,c6f6c6ae6ca24ad4d7f4b2a97ecdfae8569dc923429e81d8d8a9e1a46832100e,8927
2120,Quais as consequências para os olhos da trend de passar protetor labial nas pálpebras?,quais-as-consequencias-para-os-olhos-da-trend-de-passar-protetor-labial-nas-palpebras,https://clinicadeolhosbenchimol.com.br/quais-as-consequencias-para-os-olhos-da-trend-de-passar-protetor-labial-nas-palpebras/,2023-04-25T15:10:16,2023-04-25T15:10:16,2024-03-05T15:11:51,Blog | Oftalmologia,,2,2122,open,30d0bf3437a53ad6d824b0617f18f9adbc2a9729e73384bff0b08bf10f529d8e,6464
2116,Como você pode colaborar com a saúde dos seus olhos,como-voce-pode-colaborar-com-a-saude-dos-seus-olhos,https://clinicadeolhosbenchimol.com.br/como-voce-pode-colaborar-com-a-saude-dos-seus-olhos/,2023-02-15T15:06:20,2023-02-15T15:06:20,2024-03-05T15:08:51,Blog | Oftalmologia,,2,2118,open,62b8ed789b4e8d6a647b4d45d24a341b708b926b1c813c4866054a3d0dc81eef,12792
18,Botox contra estrabismo e outros problemas oculares?,botox-contra-estrabismo-e-outros-problemas-oculares,https://clinicadeolhosbenchimol.com.br/botox-contra-estrabismo-e-outros-problemas-oculares/,2022-12-02T13:51:02,2022-12-02T13:51:02,2023-02-01T20:24:18,Oftalmologia,,2,281,open,7db1ce0aadc4a50bdf439ca4a47c612727c30d10b47262215af3bc8ca6634bd2,5952
19,Mais um motivo para combater a obesidade: a sua saúde ocular,mais-um-motivo-para-combater-a-obesidade-a-sua-saude-ocular,https://clinicadeolhosbenchimol.com.br/mais-um-motivo-para-combater-a-obesidade-a-sua-saude-ocular/,2022-10-24T19:30:36,2022-10-24T19:30:36,2023-02-01T20:30:34,Blog,,2,286,open,15f88dc59c91e2666ebb9798c14705c24cc7820010e56bb61ff7e3b51faf7baf,4998
20,Catarata: quais os sintomas e a hora de procurar o médico?,catarata-quais-os-sintomas-e-a-hora-de-procurar-o-medico,https://clinicadeolhosbenchimol.com.br/catarata-quais-os-sintomas-e-a-hora-de-procurar-o-medico/,2022-09-23T17:29:24,2022-09-23T17:29:24,2023-02-01T20:35:42,Blog,,2,289,open,802f62e38c4bb91e5a6d68a97896e361911ac3bd52ac8ddb02839cd9b048ef89,6632
21,Óculos escuros: como escolher os seus e outras dúvidas frequentes,oculos-escuros-como-escolher-os-seus-e-outras-duvidas-frequentes,https://clinicadeolhosbenchimol.com.br/oculos-escuros-como-escolher-os-seus-e-outras-duvidas-frequentes/,2022-07-21T17:36:35,2022-07-21T17:36:35,2023-02-01T20:42:04,Blog,,2,291,open,033adb80d0696cdfd676e254b6ed1fb0471a4db878613ca21d76023e701c0494,6089
22,Olhos vermelhos: o que pode ser?,olhos-vermelhos-o-que-pode-ser,https://clinicadeolhosbenchimol.com.br/olhos-vermelhos-o-que-pode-ser/,2022-06-28T02:25:01,2022-06-28T02:25:01,2023-02-01T20:44:04,Blog,,2,293,open,2615ffb7e95065f9f87c1f307c18136776b103dd2f79b14db22581a7b74cbc15,6152
23,Qualidade de sono e saúde ocular,qualidade-de-sono-e-saude-ocular,https://clinicadeolhosbenchimol.com.br/qualidade-de-sono-e-saude-ocular/,2022-05-30T17:04:39,2022-05-30T17:04:39,2023-02-01T20:46:18,Blog,,2,295,open,ea1c736d8348ca43d544f71d41c8fe03ca6d02790cf0f9104b7f2bdbbd932831,5244
24,Cuidados com os olhos no outono,cuidados-com-os-olhos-no-outono,https://clinicadeolhosbenchimol.com.br/cuidados-com-os-olhos-no-outono/,2022-05-04T14:37:00,2022-05-04T14:37:00,2023-02-02T13:44:29,Oftalmologia,,2,297,open,2a1dd99f6a70d525a0a13e620202953547f6ca93576c2270e60b8756e147c986,4651
25,Hipermetropia,hipermetropia,https://clinicadeolhosbenchimol.com.br/hipermetropia/,2022-03-23T16:32:45,2022-03-23T16:32:45,2023-02-01T20:50:56,Blog,,2,299,open,5f7a2c6aae0b6bc30c21c5e6b5af03e60b1b468cd4e2e2d68e7aab87e78ece6d,5214
26,Cuidados com os olhos no verão,cuidados-com-os-olhos-no-verao,https://clinicadeolhosbenchimol.com.br/cuidados-com-os-olhos-no-verao/,2022-02-14T12:40:25,2022-02-14T12:40:25,2023-02-01T20:52:58,Blog,,2,302,open,78fb11ca8b85c2bba1758287c8b93ace36d3f6acfeea333db699b9be0839d776,6850
27,Câncer no olho de crianças pequenas – Retinoblastoma,cancer-no-olho-de-criancas-pequenas-retinoblastoma,https://clinicadeolhosbenchimol.com.br/cancer-no-olho-de-criancas-pequenas-retinoblastoma/,2022-02-03T19:03:22,2022-02-03T19:03:22,2023-02-01T20:55:27,Blog,,2,304,open,cca1a2dcc9f35af36d02dd7a20fd6802b854cf61151552f127ff8fc512ccaa5d,7592
28,"Lentes de contato coloridas: o que pode, o que não pode.",lentes-de-contato-coloridas-o-que-pode-o-que-nao-pode,https://clinicadeolhosbenchimol.com.br/lentes-de-contato-coloridas-o-que-pode-o-que-nao-pode/,2021-12-14T20:52:59,2021-12-14T20:52:59,2023-02-02T13:47:50,Blog,,2,338,open,c727d4e180eeb4ebb512623af0c37950e014bebf63745594673a760589734fcc,4889
29,Alimentos que fazem bem para os olhos,alimentos-que-fazem-bem-para-os-olhos,https://clinicadeolhosbenchimol.com.br/alimentos-que-fazem-bem-para-os-olhos/,2021-11-17T18:09:44,2021-11-17T18:09:44,2023-02-02T13:50:21,Blog,,2,340,open,8ca115a315296edf00c571430a38425a4d41edb996e9c33163710148d4021a79,5028
30,Trombose ocular: o que é e por que ficar atento,trombose-ocular-o-que-e-e-por-que-ficar-atento,https://clinicadeolhosbenchimol.com.br/trombose-ocular-o-que-e-e-por-que-ficar-atento/,2021-08-19T13:00:54,2021-08-19T13:00:54,2023-02-02T14:03:24,Blog,,2,342,open,7ab19ec8805a0a277e5dcd191b4aa93af5172ab35fdf7bc61a45b7c11e156712,5785
31,"Córnea sintética, uma esperança para quem aguarda há anos a doação da versão humana.",cornea-sintetica-uma-esperanca-para-quem-aguarda-ha-anos-a-doacao-da-versao-humana,https://clinicadeolhosbenchimol.com.br/cornea-sintetica-uma-esperanca-para-quem-aguarda-ha-anos-a-doacao-da-versao-humana/,2021-07-22T13:43:16,2021-07-22T13:43:16,2023-02-02T14:07:23,Oftalmologia,,2,350,open,395f43eee6c0d0aedc6b2cf2dab46e869bfee513d1938af6a8731495ea518e07,3471
32,Degeneração Macular Relacionada à Idade: o que é e como prevenir.,degeneracao-macular-relacionada-a-idade-o-que-e-e-como-prevenir,https://clinicadeolhosbenchimol.com.br/degeneracao-macular-relacionada-a-idade-o-que-e-e-como-prevenir/,2021-06-17T13:59:34,2021-06-17T13:59:34,2023-02-02T14:15:07,Oftalmologia,,2,352,open,21f076d1a26a81ff998d06a1b0146f05c25b15214121619417f7aef35329a8a8,2958
33,Tudo que o diabético precisa saber para evitar a cegueira pela retinopatia,tudo-que-o-diabetico-precisa-saber-para-evitar-a-cegueira-pela-retinopatia,https://clinicadeolhosbenchimol.com.br/tudo-que-o-diabetico-precisa-saber-para-evitar-a-cegueira-pela-retinopatia/,2021-05-21T12:23:05,2021-05-21T12:23:05,2023-02-02T14:17:51,Blog,,2,354,open,9967c171ae68898a3b1863da9d73596c5fe3db4ae58d4ea2fa52f801c9de4a4b,4049
34,Cirurgia Refrativa,cirurgia-refrativa,https://clinicadeolhosbenchimol.com.br/cirurgia-refrativa/,2021-04-09T03:00:00,2021-04-09T03:00:00,2023-02-02T14:24:22,Blog,,2,356,open,0f86738fb44d9870011550bd4b53eb5dda7308ca65715ac37d9e2c53ded924d8,3680
35,A Saúde Ocular da Mulher,a-saude-ocular-da-mulher,https://clinicadeolhosbenchimol.com.br/a-saude-ocular-da-mulher/,2021-03-08T19:15:13,2021-03-08T19:15:13,2023-02-02T14:26:41,Blog,,2,359,open,5d7e3d420a255c963c43241cd81fb94de562b1055ce65ac7771f89d73ae2d650,1786
36,Alerta Para as Doenças Raras Oculares,alerta-para-as-doencas-raras-oculares,https://clinicadeolhosbenchimol.com.br/alerta-para-as-doencas-raras-oculares/,2021-03-01T19:11:40,2021-03-01T19:11:40,2023-02-02T14:29:14,Blog,,2,362,open,0d7c468f2e7a0877f348ecd46d0cb9d83e2b25e63a58723877bb1cb9d5bf1c50,1957
2109,"“Mulheres podem ser daltônicas?”, “Como um daltônico enxerga?” e outras dúvidas frequentes sobre essa deficiência ocular",mulheres-podem-ser-daltonicas-como-um-daltonico-enxerga-e-outras-duvidas-frequentes-sobre-essa-doenca,https://clinicadeolhosbenchimol.com.br/mulheres-podem-ser-daltonicas-como-um-daltonico-enxerga-e-outras-duvidas-frequentes-sobre-essa-doenca/,2021-02-24T14:55:55,2021-02-24T14:55:55,2024-03-05T18:53:12,Blog | Oftalmologia,,2,2111,open,0221dc694c1810e9b98579fa574bbeecc05404078959fb9a46e60f6077bb4638,8904
2104,8 Dicas para Proteger a Saúde da sua Visão,8-dicas-para-proteger-a-saude-da-sua-visao,https://clinicadeolhosbenchimol.com.br/8-dicas-para-proteger-a-saude-da-sua-visao/,2021-02-24T14:18:00,2021-02-24T14:18:00,2024-03-05T14:53:45,Blog | Oftalmologia,,2,2106,open,e3740470b4f9934c7823558b92fdb14fc525afaba9a6a03ed3bff8f5279e9fb0,2386
2100,Glaucoma de Ângulo Aberto: o que saber?,glaucoma-de-angulo-aberto-o-que-saber,https://clinicadeolhosbenchimol.com.br/glaucoma-de-angulo-aberto-o-que-saber/,2021-02-23T14:14:44,2021-02-23T14:14:44,2024-03-05T14:16:52,Blog | Oftalmologia,,2,2102,open,697e321fd11d6dd6b38b790a2b3089f00bcb909eda40fcf3f34f0f1e93e496a5,4940
2096,Cuidados com as Pálpebras,cuidados-com-as-palpebras,https://clinicadeolhosbenchimol.com.br/cuidados-com-as-palpebras/,2021-02-08T14:11:41,2021-02-08T14:11:41,2024-03-05T14:14:23,Blog | Oftalmologia,,2,2098,open,b5166faa8b998131621a65872ef94c756e427a2d6a2827e30efd1206ffea44ec,2237
2092,Daltonismo,daltonismo,https://clinicadeolhosbenchimol.com.br/daltonismo/,2021-02-03T14:06:41,2021-02-03T14:06:41,2024-03-05T14:11:07,Blog | Oftalmologia,,2,2094,open,71cd9e03e5ba5be14bf146ebe07222ee2c96828680cf27ab7860cdda9b4f2e1b,2619
2088,Auto-Refrator,auto-refrator,https://clinicadeolhosbenchimol.com.br/auto-refrator/,2021-01-27T13:53:29,2021-01-27T13:53:29,2024-03-05T14:01:10,Blog | Oftalmologia,,2,2090,open,936efad6810e608003117b1f4586946e3f17df5793b34edc9d5cfe73a641c53d,1904
2084,Check-Up Ocular Anual,check-up-ocular-anual,https://clinicadeolhosbenchimol.com.br/check-up-ocular-anual/,2021-01-25T13:43:25,2021-01-25T13:43:25,2024-03-05T13:52:49,Blog | Oftalmologia,,2,2086,open,8989cc0c9fa69b5bb15a46ee486f2c6ad75aa2b92a3207839e88c13d36291e30,2470
2080,4 Curiosidades Sobre a Visão,4-curiosidades-sobre-a-visao,https://clinicadeolhosbenchimol.com.br/4-curiosidades-sobre-a-visao/,2021-01-21T13:37:43,2021-01-21T13:37:43,2024-03-05T13:43:07,Blog | Oftalmologia,,2,2082,open,8a889c395a263d6f77d46bf2cb258ee8ee14e5fce8237a679f86647e70d46f7f,2458
2076,Automedicação pode afetar a sua Saúde Ocular,automedicacao-pode-afetar-a-sua-saude-ocular,https://clinicadeolhosbenchimol.com.br/automedicacao-pode-afetar-a-sua-saude-ocular/,2021-01-18T13:34:37,2021-01-18T13:34:37,2024-03-05T13:37:07,Blog | Oftalmologia,,2,2078,open,fcded180ca0797dabeeb12719bf681ecdd439483bbd5f82c6da6e533ae416239,2755
2072,Verão X Conjuntivite,verao-x-conjuntivite,https://clinicadeolhosbenchimol.com.br/verao-x-conjuntivite/,2021-01-13T13:25:35,2021-01-13T13:25:35,2024-03-05T13:34:19,Blog | Oftalmologia,,2,2074,open,1209c0c8b1b06b793e6679cdd090bd24b0d0aefc388f05d394fbcef31122fb6f,3480
2068,Saúde Ocular X Carteira de Habilitação,saude-ocular-x-carteira-de-habilitacao,https://clinicadeolhosbenchimol.com.br/saude-ocular-x-carteira-de-habilitacao/,2021-01-07T13:21:42,2021-01-07T13:21:42,2024-03-05T13:25:11,Blog | Oftalmologia,,2,2070,open,05ab78a178c40fccfead15c961081fffb2971bc2f3acd1d7ab11d9b3934d8a74,2974
2064,Cuidados Oculares no Verão,cuidados-oculares-no-verao,https://clinicadeolhosbenchimol.com.br/cuidados-oculares-no-verao/,2021-01-05T13:12:42,2021-01-05T13:12:42,2024-03-05T13:21:15,Blog | Oftalmologia,,2,2066,open,63ff3e99c8ce32ec588ebe5919b71e0656b6883e561153a3833686b04511092f,2333
2060,Quatro doenças oculares mais comuns em idosos,quatro-doencas-oculares-mais-comuns-em-idosos,https://clinicadeolhosbenchimol.com.br/quatro-doencas-oculares-mais-comuns-em-idosos/,2020-12-17T13:07:31,2020-12-17T13:07:31,2024-03-05T13:12:17,Blog | Oftalmologia,,2,2062,open,ce559f0e9246c66e4044f52443aabbeb6302354a932b677403376d3c4604fc3e,3617
2056,Causas da miopia vão além da genética,causas-da-miopia-vao-alem-da-genetica,https://clinicadeolhosbenchimol.com.br/causas-da-miopia-vao-alem-da-genetica/,2020-12-14T13:03:56,2020-12-14T13:03:56,2024-03-05T13:07:16,Blog | Oftalmologia,,2,2058,open,9555ebec03becea3e7a8055ad2c04b9fbefea95c8cd13b9be8fb455b819aac68,2378
2052,Mapeamento de retina: exame ocular que pode detectar doenças no corpo,mapeamento-de-retina-exame-ocular-que-pode-detectar-doencas-no-corpo,https://clinicadeolhosbenchimol.com.br/mapeamento-de-retina-exame-ocular-que-pode-detectar-doencas-no-corpo/,2020-12-07T12:59:25,2020-12-07T12:59:25,2024-03-05T13:03:33,Blog | Oftalmologia,,2,2054,open,2bba39b2d046ec3caf843c1bd5be7d340faf6f01ae8da68a6534bb0b5022c78c,2314
2048,Tireoide e Saúde Ocular,tireoide-e-saude-ocular,https://clinicadeolhosbenchimol.com.br/tireoide-e-saude-ocular/,2020-12-07T12:56:18,2020-12-07T12:56:18,2024-03-05T12:59:03,Blog | Oftalmologia,,2,2050,open,e3c794f88059c0e75d273e7989cea1d7de9f5975e415bd0bd82b8f7db740901d,2877
2044,Estresse Oxidativo pode comprometer a visão,estresse-oxidativo-pode-comprometer-a-visao,https://clinicadeolhosbenchimol.com.br/estresse-oxidativo-pode-comprometer-a-visao/,2020-12-02T12:52:32,2020-12-02T12:52:32,2024-03-05T12:55:56,Blog | Oftalmologia,,2,2046,open,4d0aaef726a330263bdebcb1537905597ad398d92272011dd8980151bb4c5a27,2877
2040,Colírio: medicamento requer cuidados.,colirio-medicamento-requer-cuidados,https://clinicadeolhosbenchimol.com.br/colirio-medicamento-requer-cuidados/,2020-11-30T12:47:25,2020-11-30T12:47:25,2024-03-05T12:52:01,Blog | Oftalmologia,,2,2042,open,eb9431786be6bc4097f4226278c2f15498350d23d5c657f2ca3394d4896f1d2d,2382
2036,Por que o olho lacrimeja quando estamos com sono?,por-que-o-olho-lacrimeja-quando-estamos-com-sono,https://clinicadeolhosbenchimol.com.br/por-que-o-olho-lacrimeja-quando-estamos-com-sono/,2020-11-25T12:43:04,2020-11-25T12:43:04,2024-03-05T12:46:53,Blog | Oftalmologia,,2,2038,open,1565e26604b873c14037488fb1480d63af7468df786c857ed0b21f990bbd3313,2350
2032,Cuidados ao maquiar os olhos,cuidados-ao-maquiar-os-olhos,https://clinicadeolhosbenchimol.com.br/cuidados-ao-maquiar-os-olhos/,2020-11-23T12:36:11,2020-11-23T12:36:11,2024-03-05T12:42:46,Blog | Oftalmologia,,2,2034,open,8dcbc3d67df66f6b9e99f612f1faa7c92fa86cc09286e735ebf72081762ea87d,3144
2028,Dicas naturais para a saúde da sua visão,dicas-naturais-para-a-saude-da-sua-visao,https://clinicadeolhosbenchimol.com.br/dicas-naturais-para-a-saude-da-sua-visao/,2020-11-19T12:32:51,2020-11-19T12:32:51,2024-03-05T12:35:12,Blog | Oftalmologia,,2,2030,open,a46bc95f110ef23f2b8c58c32543ba2a7d20c0163d814188fd8cb911aacd6ef7,2385
2024,Maioria dos diabéticos temem perda da visão,maioria-dos-diabeticos-temem-perda-da-visao,https://clinicadeolhosbenchimol.com.br/maioria-dos-diabeticos-temem-perda-da-visao/,2020-11-16T12:26:06,2020-11-16T12:26:06,2024-03-05T12:32:29,Blog | Oftalmologia,,2,2026,open,28f44994cce8a3dc3daa7f6e422d3f16740da8cf272f811dd798a095698ac798,3147
2020,Visão Subnormal,visao-subnormal,https://clinicadeolhosbenchimol.com.br/visao-subnormal/,2020-11-11T12:21:01,2020-11-11T12:21:01,2024-03-05T12:24:45,Blog | Oftalmologia,,2,2022,open,d3295f6eb0b53c4b2a87752e18edcfc5060bff153085e3a8d65c1587467f0086,2478
2016,Você cuida bem da sua visão?,voce-cuida-bem-da-sua-visao,https://clinicadeolhosbenchimol.com.br/voce-cuida-bem-da-sua-visao/,2020-11-09T12:09:24,2020-11-09T12:09:24,2024-03-05T12:18:55,Blog | Oftalmologia,,2,2018,open,9b0c7d579c979d95ed79324a78853a4b0e089e24c3e032782ef10e37150ec2fa,2517
2012,Melanose Primária,melanose-primaria,https://clinicadeolhosbenchimol.com.br/melanose-primaria/,2020-11-03T12:01:09,2020-11-03T12:01:09,2024-03-05T12:09:04,Blog | Oftalmologia,,2,2014,open,c042878cb3565420b6e0ce8925137aa68ede0faa1a35765706f82cc63c1314af,3143
2008,Olhos Ressecados,olhos-ressecados,https://clinicadeolhosbenchimol.com.br/olhos-ressecados/,2020-10-28T11:58:14,2020-10-28T11:58:14,2024-03-05T12:00:40,Blog | Oftalmologia,,2,2010,open,561a899087cf5b12e152c28fc0f5ca29ed76643aafa5f4533214ab0486e55437,2068
2004,Colesterol e Saúde Ocular,colesterol-e-saude-ocular,https://clinicadeolhosbenchimol.com.br/colesterol-e-saude-ocular/,2020-10-27T11:55:14,2020-10-27T11:55:14,2024-03-05T11:57:38,Blog | Oftalmologia,,2,2006,open,7dd2371c6118a501575e925ed964bf7c934501057c2ffb2d08afe156d271b930,2095
2000,Principais emergências ligadas à visão,principais-emergencias-ligadas-a-visao,https://clinicadeolhosbenchimol.com.br/principais-emergencias-ligadas-a-visao/,2020-10-21T11:51:48,2020-10-21T11:51:48,2024-03-05T11:54:39,Blog | Oftalmologia,,2,2002,open,feb1501533371369c9604e73a3a2bbcf19ecb54ff50237106d195e7bb50ca4ec,3491
1996,Insônia e Saúde Ocular,insonia-e-saude-ocular,https://clinicadeolhosbenchimol.com.br/insonia-e-saude-ocular/,2020-10-19T11:47:34,2020-10-19T11:47:34,2024-03-05T11:51:29,Blog | Oftalmologia,,2,1998,open,6282551d6cf66b5faa8b0d810ba0e3b94b472d212eb81ea14ba5a506bc3e1f41,2117
1992,A importância dos exames oculares,a-importancia-dos-exames-oculares,https://clinicadeolhosbenchimol.com.br/a-importancia-dos-exames-oculares/,2020-10-14T11:41:50,2020-10-14T11:41:50,2024-03-05T11:46:21,Blog | Oftalmologia,,2,1994,open,c49aaa3020663c56152d4412d414722bd975efbed75b68348a09f6125e3193ec,2254
1988,As aulas/ trabalhos virtuais e o estresse visual,as-aulas-trabalhos-virtuais-e-o-estresse-visual,https://clinicadeolhosbenchimol.com.br/as-aulas-trabalhos-virtuais-e-o-estresse-visual/,2020-10-13T11:36:47,2020-10-13T11:36:47,2024-03-05T11:41:07,Blog | Oftalmologia,,2,1990,open,157a04d1cccfe41722f34ac47cd0382c1e2adc215c388424945eff9920036cbc,3131
1984,Cuidados com os Olhos ao Praticar Exercício Físico,cuidados-com-os-olhos-ao-praticar-exercicio-fisico,https://clinicadeolhosbenchimol.com.br/cuidados-com-os-olhos-ao-praticar-exercicio-fisico/,2020-10-05T11:30:01,2020-10-05T11:30:01,2024-03-05T11:35:45,Blog | Oftalmologia,,2,1986,open,2f2e759b3f2dd01a385d49a5a4a08f779ebbbe8153fa09750903872c6224ea1b,2147
1980,Dicas para manter a visão saudável até a velhice,dicas-para-manter-a-visao-saudavel-ate-a-velhice,https://clinicadeolhosbenchimol.com.br/dicas-para-manter-a-visao-saudavel-ate-a-velhice/,2020-09-30T20:10:15,2020-09-30T20:10:15,2024-03-04T20:13:30,Blog | Oftalmologia,,2,1982,open,4a63dec62a119a4f329a5c025a658cd22d1dbecb4334da6d2c953436e0d4e1f4,2026
1976,Cuidados da Saúde Ocular na Primavera,cuidados-da-saude-ocular-na-primavera,https://clinicadeolhosbenchimol.com.br/cuidados-da-saude-ocular-na-primavera/,2020-09-29T20:03:44,2020-09-29T20:03:44,2024-03-04T20:09:47,Blog | Oftalmologia,,2,1978,open,f55cf930b5a5af7a8ff997d6e07de7af17f5bc9b2dfb9b2f0c31d52a1e98d1e2,2308
1970,Dia Mundial da Retina,por-que-piscamos-os-olhos-2,https://clinicadeolhosbenchimol.com.br/por-que-piscamos-os-olhos-2/,2020-09-27T19:58:59,2020-09-27T19:58:59,2024-03-04T20:03:11,Blog | Oftalmologia,,2,1974,open,68dbc90e91a8dbcf81cceb5010fae40ce8e668cff4e5dd643f006c68bc37d731,1981
1966,Por que piscamos os olhos?,por-que-piscamos-os-olhos,https://clinicadeolhosbenchimol.com.br/por-que-piscamos-os-olhos/,2020-09-21T19:57:01,2020-09-21T19:57:01,2024-03-04T19:58:14,Blog | Oftalmologia,,2,1968,open,4051d86b56e328a86e9b7df9b506c83fda97b509633fec17fd6fd97a9ab0e658,1598
1963,Você sabe quais os cuidados básicos após a realização da cirurgia de catarata?,voce-sabe-quais-os-cuidados-basicos-apos-a-realizacao-da-cirurgia-de-catarata-2,https://clinicadeolhosbenchimol.com.br/voce-sabe-quais-os-cuidados-basicos-apos-a-realizacao-da-cirurgia-de-catarata-2/,2020-09-16T19:49:58,2020-09-16T19:49:58,2024-03-04T19:56:00,Blog | Oftalmologia,,2,1961,open,ef3a1b378dce5264c7bc7a357322b025e81ec83fae6619c31f79e78a87ba2ad0,2169
1955,Verdades sobre sua visão,verdades-sobre-sua-visao,https://clinicadeolhosbenchimol.com.br/verdades-sobre-sua-visao/,2020-09-14T19:39:56,2020-09-14T19:39:56,2024-03-04T19:44:58,Blog | Oftalmologia,,2,1957,open,aef5f200328b44a5f78f83dd7ce4d45ffa4d3364376cc1b67a4d6f8365961d8c,6608
1951,Atividade Física e Saúde Ocular,atividade-fisica-e-saude-ocular,https://clinicadeolhosbenchimol.com.br/atividade-fisica-e-saude-ocular/,2020-09-08T19:35:33,2020-09-08T19:35:33,2024-03-04T19:38:54,Blog | Oftalmologia,,2,1953,open,08a3a3302bfc28caffb159123efaf36db6e5cd450dd35c651beba3e3445da187,1964
1947,Hipertensão: um risco para sua visão,hipertensao-um-risco-para-sua-visao,https://clinicadeolhosbenchimol.com.br/hipertensao-um-risco-para-sua-visao/,2020-08-31T19:32:27,2020-08-31T19:32:27,2024-03-04T19:34:59,Blog | Oftalmologia,,2,1949,open,0ba1865620c62f18b75e64eb05ee7a34ecea98b28c354dafaca9d547542e218e,1841
1943,Fotofobia,fotofobia,https://clinicadeolhosbenchimol.com.br/fotofobia/,2020-08-26T19:28:44,2020-08-26T19:28:44,2024-03-04T19:32:17,Blog | Oftalmologia,,2,1945,open,ef3cf7a13939fa3942520766702ec1cffed23e916723eb564326f8b00842019a,1533
1939,Como higienizar corretamente as lentes do óculos.,como-higienizar-corretamente-as-lentes-do-oculos,https://clinicadeolhosbenchimol.com.br/como-higienizar-corretamente-as-lentes-do-oculos/,2020-08-24T19:24:01,2020-08-24T19:24:01,2024-03-04T19:27:13,Blog | Oftalmologia,,2,1941,open,a34b83c1b0e367985c7b1be22af346a06b8b394e97fa64802e7a5d955d31dcd0,1559
1935,Hipermetropia,hipermetropia-2,https://clinicadeolhosbenchimol.com.br/hipermetropia-2/,2020-08-19T19:21:22,2020-08-19T19:21:22,2024-03-04T19:23:45,Blog | Oftalmologia,,2,1937,open,0dd2c377141e2421f1269401fcc22b8b4070f897d09d5eca2b1377c7ae0b5351,3276
1959,Você sabe quais os cuidados básicos após a realização da cirurgia de catarata?,voce-sabe-quais-os-cuidados-basicos-apos-a-realizacao-da-cirurgia-de-catarata,https://clinicadeolhosbenchimol.com.br/voce-sabe-quais-os-cuidados-basicos-apos-a-realizacao-da-cirurgia-de-catarata/,2020-08-16T19:45:44,2020-08-16T19:45:44,2024-03-04T19:49:20,Blog | Oftalmologia,,2,1961,open,ef3a1b378dce5264c7bc7a357322b025e81ec83fae6619c31f79e78a87ba2ad0,2169
1931,Miopia,miopia,https://clinicadeolhosbenchimol.com.br/miopia/,2020-08-13T19:17:10,2020-08-13T19:17:10,2024-03-04T19:20:50,Blog | Oftalmologia,,2,1933,open,d1d04ca66e9ed5bae5c651e1efc53005f26c9d813770983c8caa6ae5e78a3c04,2784
1927,Astigmatismo,astigmatismo,https://clinicadeolhosbenchimol.com.br/astigmatismo/,2020-08-11T19:13:43,2020-08-11T19:13:43,2024-03-04T19:16:48,Blog | Oftalmologia,,2,1929,open,a7e09bab9ada99e0f1792e3cacf19842378232f2a1509c0a1239c3afc07f8e09,3081
1923,Sintomas iniciais da Catarata,sintomas-iniciais-da-catarata,https://clinicadeolhosbenchimol.com.br/sintomas-iniciais-da-catarata/,2020-08-05T19:10:35,2020-08-05T19:10:35,2024-03-04T19:13:24,Blog | Oftalmologia,,2,1925,open,120687817ca2715b8b6caca2571a68ed66ea78353682f68dd62723d54ca7bfa5,2489
1919,O que são moscas volantes na visão?,o-que-sao-moscas-volantes-na-visao,https://clinicadeolhosbenchimol.com.br/o-que-sao-moscas-volantes-na-visao/,2020-08-05T19:06:24,2020-08-05T19:06:24,2024-03-04T19:10:20,Blog | Oftalmologia,,2,1921,open,fa2c0ffcea5e512fbd5a19d50dfd9a0127353f27b522a26a115d04372f058ea6,1897
1915,Como saber se a pressão ocular está alta?,como-saber-se-a-pressao-ocular-esta-alta,https://clinicadeolhosbenchimol.com.br/como-saber-se-a-pressao-ocular-esta-alta/,2020-07-28T19:01:34,2020-07-28T19:01:34,2024-03-04T19:06:03,Blog | Oftalmologia,,2,1917,open,00c0fec4e50ca67392b1a5885b64c93980bc86f01fab1183e3d6819e5d5d5f89,1912
1911,Estresse pode aumentar risco de glaucoma,estresse-pode-aumentar-risco-de-glaucoma,https://clinicadeolhosbenchimol.com.br/estresse-pode-aumentar-risco-de-glaucoma/,2020-07-27T18:58:49,2020-07-27T18:58:49,2024-03-04T19:01:19,Blog | Oftalmologia,,2,1913,open,d824d7c8716ad2a7372433fbfa0a13902eae7051112183d5502012a37d36aea6,2377
1907,Presbiopia,presbiopia,https://clinicadeolhosbenchimol.com.br/presbiopia/,2020-07-22T18:56:05,2020-07-22T18:56:05,2024-03-04T18:58:29,Blog | Oftalmologia,,2,1909,open,4dfa14dab445d8d98c65ea5afddb7473ad12ab1cefe937d500b8eb76fd64b733,1930
1901,Ambliopia ou Olho Preguiçoso,ambliopia-ou-olho-preguicoso,https://clinicadeolhosbenchimol.com.br/ambliopia-ou-olho-preguicoso/,2020-07-18T18:43:48,2020-07-18T18:43:48,2024-03-04T18:55:44,Blog | Oftalmologia,,2,1903,open,bbcc1fc7d16a936a54271eee22fd856e28c31e64d55a7cbeeda6c498a734b00f,1508
1897,Sinais de alerta para troca de óculos.,sinais-de-alerta-para-troca-de-oculos,https://clinicadeolhosbenchimol.com.br/sinais-de-alerta-para-troca-de-oculos/,2020-07-13T18:36:50,2020-07-13T18:36:50,2024-03-04T18:43:33,Blog | Oftalmologia,,2,1899,open,403623885f39e0738f59f89e3b3924f20933f3acb37f308fc019c8a5c5121ca6,1323
1892,Blefarite,blefarite,https://clinicadeolhosbenchimol.com.br/blefarite/,2020-07-07T18:24:34,2020-07-07T18:24:34,2024-03-04T18:34:44,Blog | Oftalmologia,,2,1894,open,d03f2341853fffe6386d7c2bb0b5fc9558700192d7f0685008c89072b4f77b8c,1522
1888,Curiosidades sobre nossos cílios:,curiosidades-sobre-nossos-cilios,https://clinicadeolhosbenchimol.com.br/curiosidades-sobre-nossos-cilios/,2020-07-01T18:21:21,2020-07-01T18:21:21,2024-03-04T18:24:16,Blog | Oftalmologia,,2,1890,open,18e647dbb0697ee99affeddfab0461427c2df1a03357d164811c1f87871cb903,2125
1884,Por que sinto tremor nas pálpebras?,por-que-sinto-tremor-nas-palpebras,https://clinicadeolhosbenchimol.com.br/por-que-sinto-tremor-nas-palpebras/,2020-06-30T18:18:58,2020-06-30T18:18:58,2024-03-04T18:20:43,Blog | Oftalmologia,,2,1886,open,4bc1115ff9c1a69bbc356353b21183e63bef63cb7f768f0e86ddb69f896f39c2,1645
1880,Terçol: O que é?,tercol-o-que-e,https://clinicadeolhosbenchimol.com.br/tercol-o-que-e/,2020-06-26T18:16:00,2020-06-26T18:16:00,2024-03-04T18:18:45,Blog | Oftalmologia,,2,1882,open,16b2de2453f68eafa8f778dd1844c0871f5eccd0e826950f3b365d5eb89ab9d1,2000
1876,Saúde Ocular no Inverno,saude-ocular-no-inverno,https://clinicadeolhosbenchimol.com.br/saude-ocular-no-inverno/,2020-06-25T18:13:30,2020-06-25T18:13:30,2024-03-04T18:15:05,Blog | Oftalmologia,,2,1878,open,44b548d8bcc8c01901dbab5d47bda43418326e2a763637794437e2fb79677c9e,1573
1872,Volta às Aulas: Atenção a Saúde Ocular Infantil.,volta-as-aulas-atencao-a-saude-ocular-infantil,https://clinicadeolhosbenchimol.com.br/volta-as-aulas-atencao-a-saude-ocular-infantil/,2020-02-10T18:08:57,2020-02-10T18:08:57,2024-03-04T18:12:21,Blog | Oftalmologia,,2,1874,open,5bd89cadd3cfe4ef8a7e5982966cfebfbd2cf7b406ee0fb3ba4d7bbdc106855f,1628
1868,Maquiagem: Segurança e Cuidados,maquiagem-seguranca-e-cuidados,https://clinicadeolhosbenchimol.com.br/maquiagem-seguranca-e-cuidados/,2020-01-31T18:07:05,2020-01-31T18:07:05,2024-03-04T18:08:39,Blog | Oftalmologia,,2,1870,open,f7afd901e468ae26f0bd1c4ad0d20580c4e084946cdca5f139b84d3e1f266a9b,1914
1864,Cuidados com a Visão no Verão:,cuidados-com-a-visao-no-verao,https://clinicadeolhosbenchimol.com.br/cuidados-com-a-visao-no-verao/,2020-01-30T18:05:05,2020-01-30T18:05:05,2024-03-04T18:06:23,Blog | Oftalmologia,,2,1866,open,1fe54dcba778f1cae2885a59c3d4460c1f27736fa4fea38d64b63b9ecad9230c,1767
1860,A importância de se consultar com um oftalmologista,a-importancia-de-se-consultar-com-um-oftalmologista,https://clinicadeolhosbenchimol.com.br/a-importancia-de-se-consultar-com-um-oftalmologista/,2020-01-29T18:02:00,2020-01-29T18:02:00,2024-03-04T18:03:41,Blog | Oftalmologia,,2,1862,open,2bb2f2e42a7adacd3e4b3d7f99719cfebfa1ee32da4f95a96c2cc3acc8004aec,1435
1856,Análise de imagem da retina promete auxiliar no diagnóstico precoce do Alzheimer,analise-de-imagem-da-retina-promete-auxiliar-no-diagnostico-precoce-do-alzheimer,https://clinicadeolhosbenchimol.com.br/analise-de-imagem-da-retina-promete-auxiliar-no-diagnostico-precoce-do-alzheimer/,2019-11-25T17:56:54,2019-11-25T17:56:54,2024-03-04T17:59:29,Blog | Oftalmologia,,2,1858,open,5d8eccb41f7b2c8d70a3c4f38dff4beebdb5e36a5a31c6e413abf7d1c12f33a2,3004
1849,14 de Novembro – Dia Mundial do Diabetes,14-de-novembro-dia-mundial-do-diabetes,https://clinicadeolhosbenchimol.com.br/14-de-novembro-dia-mundial-do-diabetes/,2019-11-14T17:12:59,2019-11-14T17:12:59,2024-03-04T17:15:50,Blog | Oftalmologia,,2,1851,open,ff008d0a6e22300301bb96444a5355de0fa63053afcc79b3aebf8d83fc599fe4,1804
1844,Uveíte: Doença pouco conhecida e que preocupa,uveite-doenca-pouco-conhecida-e-que-preocupa,https://clinicadeolhosbenchimol.com.br/uveite-doenca-pouco-conhecida-e-que-preocupa/,2019-08-22T17:06:13,2019-08-22T17:06:13,2024-03-04T17:12:03,Blog | Oftalmologia,,2,1846,open,ffa3b9729e447fbaa347702bb51d4b3823b9d05a003a3dd7d07e5ce2e7a87d77,4778
1838,A Tela de Amsler e a detecção precoce da degeneração macular relacionada à idade,a-tela-de-amsler-e-a-deteccao-precoce-da-degeneracao-macular-relacionada-a-idade,https://clinicadeolhosbenchimol.com.br/a-tela-de-amsler-e-a-deteccao-precoce-da-degeneracao-macular-relacionada-a-idade/,2019-08-22T16:59:16,2019-08-22T16:59:16,2024-03-04T17:05:54,Blog | Oftalmologia,,2,1841,open,7a3e9808b1edb6b560f2f10a2a1bf021ad7ff1f2e41b8ed40af659e79e1ded1f,4248
1834,Novo estudo indica que cirurgia de catarata e aparelhos auditivos podem prevenir a demência,novo-estudo-indica-que-cirurgia-de-catarata-e-aparelhos-auditivos-podem-prevenir-a-demencia,https://clinicadeolhosbenchimol.com.br/novo-estudo-indica-que-cirurgia-de-catarata-e-aparelhos-auditivos-podem-prevenir-a-demencia/,2019-07-29T16:45:59,2019-07-29T16:45:59,2024-03-04T16:48:08,Blog | Oftalmologia,,2,1836,open,03b4a6b43c1ad26b33c42c37c4f0fb57cc6a54d889d1fa9b33692e0a1ac55d6e,3006
1813,"E aí doutor, vou sentir dor?",e-ai-doutor-vou-sentir-dor,https://clinicadeolhosbenchimol.com.br/e-ai-doutor-vou-sentir-dor/,2019-07-13T14:39:20,2019-07-13T14:39:20,2024-03-04T14:44:22,Blog | Oftalmologia,,2,1815,open,4c629c705c337b0005ab93cb489708ac24c781ab28505a656221782a8c7f7d73,3429
1822,Os 5 principais fatores de risco da degeneração macular e o que fazer para evitá-los,os-5-principais-fatores-de-risco-da-degeneracao-macular-e-o-que-fazer-para-evita-los,https://clinicadeolhosbenchimol.com.br/os-5-principais-fatores-de-risco-da-degeneracao-macular-e-o-que-fazer-para-evita-los/,2019-07-10T16:16:10,2019-07-10T16:16:10,2024-03-04T16:42:48,Blog | Oftalmologia,,2,1828,open,452d93cebd3f676a408d7b4bdbd065bbc6c99a9f511e3d50dc9e4e6c8e719abb,8593
1821,Estudo aponta que cirurgia de catarata pode melhorar o glaucoma,estudo-aponta-que-cirurgia-de-catarata-pode-melhorar-o-glaucoma,https://clinicadeolhosbenchimol.com.br/estudo-aponta-que-cirurgia-de-catarata-pode-melhorar-o-glaucoma/,2019-07-04T16:15:41,2019-07-04T16:15:41,2024-03-04T16:31:17,Blog | Oftalmologia,,2,1824,open,62cf7b35667cf5052600a6ad8792866e24762f9bfd0573a69c5e9daff36e8a67,3977
1817,Você sofre de pressão alta? Cuidado! Ela pode causar trombose ocular e até mesmo cegueira!,voce-sofre-de-pressao-alta-cuidado-ela-pode-causar-trombose-ocular-e-ate-mesmo-cegueira,https://clinicadeolhosbenchimol.com.br/voce-sofre-de-pressao-alta-cuidado-ela-pode-causar-trombose-ocular-e-ate-mesmo-cegueira/,2019-06-21T14:45:55,2019-06-21T14:45:55,2024-03-04T15:02:34,Blog | Oftalmologia,,2,1819,open,95d97c6ed5bfbf2e371382c2398e189dfcda7f9455b11c7aac0194082eba1015,4505
1808,Fique atento: saiba identificar os quatro principais sintomas da Retinopatia Diabética,fique-atento-saiba-identificar-os-quatro-principais-sintomas-da-retinopatia-diabetica,https://clinicadeolhosbenchimol.com.br/fique-atento-saiba-identificar-os-quatro-principais-sintomas-da-retinopatia-diabetica/,2019-06-05T14:34:27,2019-06-05T14:34:27,2024-03-04T14:38:15,Blog | Oftalmologia,,2,1810,open,9367d5d6ab5b06782cb3e33d27cf80a849c28875eae537239b8d39ef668fb5d6,3638
1797,Como uma alimentação correta pode evitar o aparecimento de doenças oculares como DMRI e olho seco,como-uma-alimentacao-correta-pode-evitar-o-aparecimento-de-doencas-oculares-como-dmri-e-olho-seco,https://clinicadeolhosbenchimol.com.br/como-uma-alimentacao-correta-pode-evitar-o-aparecimento-de-doencas-oculares-como-dmri-e-olho-seco/,2019-05-31T19:48:47,2019-05-31T19:48:47,2024-03-01T19:53:27,Blog | Oftalmologia,,2,1799,open,6fd41823731490b4e547ccfe1f35d1ef1a91f55c01c8d2c60c9de97a7da369ee,4644
1791,Aparelho mais moderno do mundo para detecção de patologias da retina chega à Clínica Benchimol,aparelho-mais-moderno-do-mundo-para-deteccao-de-patologias-da-retina-chega-a-clinica-benchimol,https://clinicadeolhosbenchimol.com.br/aparelho-mais-moderno-do-mundo-para-deteccao-de-patologias-da-retina-chega-a-clinica-benchimol/,2019-05-31T18:56:44,2019-05-31T18:56:44,2024-03-01T19:08:31,Blog | Oftalmologia,,2,1793,open,16485c2e1e04f57d331fe15b02f6f2ef4d8be5c17dae8347f3bc9fb1f1ff5e27,2897
1787,Lentes intraoculares: uma nova tendência para corrigir problemas da visão,lentes-intraoculares-uma-nova-tendencia-para-corrigir-problemas-da-visao,https://clinicadeolhosbenchimol.com.br/lentes-intraoculares-uma-nova-tendencia-para-corrigir-problemas-da-visao/,2019-05-31T17:05:59,2019-05-31T17:05:59,2024-03-01T17:11:19,Blog | Oftalmologia,,2,1789,open,40dc10f4b2dabd2b31c854045f6f13fb726eaf6a37fc68dbec34056897214ecb,4482
1774,Injeções intravítreas: a técnica revolucionária para o tratamento de DMRI e retinopatia diabética,injecoes-intravitreas-a-tecnica-revolucionaria-para-o-tratamento-de-dmri-e-retinopatia-diabetica,https://clinicadeolhosbenchimol.com.br/injecoes-intravitreas-a-tecnica-revolucionaria-para-o-tratamento-de-dmri-e-retinopatia-diabetica/,2019-05-31T14:41:02,2019-05-31T14:41:02,2024-03-01T14:48:37,Blog | Oftalmologia,,2,1776,open,2dd59627a1c7ca7171b94187810ef277ba27c436d6e3aa2e86cb7fc183b62ed3,2899
1803,OCT e antiangiogênicos: o equipamento e o medicamento que atuam no combate à retinopatia diabética,oct-e-antiangiogenicos-o-equipamento-e-o-medicamento-que-atuam-no-combate-a-retinopatia-diabetica,https://clinicadeolhosbenchimol.com.br/oct-e-antiangiogenicos-o-equipamento-e-o-medicamento-que-atuam-no-combate-a-retinopatia-diabetica/,2019-05-30T14:24:00,2019-05-30T14:24:00,2024-03-04T14:31:33,Blog | Oftalmologia,,2,1805,open,41fab117e3cec6f0e256bba1d5f502be849aad82ac8aeaaceba2d571e54d0136,4456
1769,Cuidado: o diabetes também pode causar cegueira,cuidado-o-diabetes-tambem-pode-causar-cegueira,https://clinicadeolhosbenchimol.com.br/cuidado-o-diabetes-tambem-pode-causar-cegueira/,2019-05-26T14:31:35,2019-05-26T14:31:35,2024-03-01T14:40:12,Oftalmologia,,2,1771,open,930f8b7f25b8f12731749d1c1844f35837d06c73b698daa8ab3163e067a5e856,5330
1783,"Ceratocone: causas, sintomas e tratamentos",ceratocone-causas-sintomas-e-tratamentos,https://clinicadeolhosbenchimol.com.br/ceratocone-causas-sintomas-e-tratamentos/,2019-04-24T16:53:14,2019-04-24T16:53:14,2024-03-01T17:12:28,Blog | Oftalmologia,,2,1785,open,78243d14f91587f6e70c017c51e493d9b80f35998267c12686e491488bf79e6b,4909
1778,"Olho Seco: sintomas, causas e tratamento",olho-seco-sintomas-causas-e-tratamento,https://clinicadeolhosbenchimol.com.br/olho-seco-sintomas-causas-e-tratamento/,2019-04-10T14:53:08,2019-04-10T14:53:08,2024-03-01T16:52:29,Blog | Oftalmologia,,2,1780,open,1a868616a0c4da6be0f8d446d9cadaa925d037ad7cba886bbfd4e42aba34c1a3,8187
1765,Relacionada à Idade ou DMRI?,relacionada-a-idade-ou-dmri,https://clinicadeolhosbenchimol.com.br/relacionada-a-idade-ou-dmri/,2019-03-19T14:25:06,2019-03-19T14:25:06,2024-03-01T14:29:46,Blog | Oftalmologia,,2,1767,open,db5d07ff3eb4e995fa236d5ce3ed16c6ad67bc0b9c6127222315d1ac6e5034df,2931
1755,Cirurgia de catarata pode prolongar a vida de mulheres,cirurgia-de-catarata-pode-prolongar-a-vida-de-mulheres,https://clinicadeolhosbenchimol.com.br/cirurgia-de-catarata-pode-prolongar-a-vida-de-mulheres/,2018-11-06T13:59:09,2018-11-06T13:59:09,2024-03-01T14:04:19,Blog | Oftalmologia,,2,1757,open,18d5922e0cb9cf84199a5c4abe6f210d27b6ccb118042ede140d0d9f1bc8209e,3224
1750,Glaucoma é hereditário?,glaucoma-e-hereditario,https://clinicadeolhosbenchimol.com.br/glaucoma-e-hereditario/,2018-10-22T13:39:37,2018-10-22T13:39:37,2024-03-01T13:55:41,Blog | Oftalmologia,,2,1752,open,a03ae6cb1377027582593410db8eb40b7853dc5cf6215888d270ce5035157dca,4313
1745,"Catarata: tipos, causas, fatores de risco e sintomas",catarata-tipos-causas-fatores-de-risco-e-sintomas,https://clinicadeolhosbenchimol.com.br/catarata-tipos-causas-fatores-de-risco-e-sintomas/,2018-10-22T13:22:57,2018-10-22T13:22:57,2024-03-01T13:32:23,Oftalmologia,,2,1747,open,118e73864ff6eb9d85fe62005377173713bf47b32ddce307790e3afe73520519,5920
1741,Comer verduras pode ajudar a prevenir a degeneração macular,comer-verduras-pode-ajudar-a-prevenir-a-degeneracao-macular,https://clinicadeolhosbenchimol.com.br/comer-verduras-pode-ajudar-a-prevenir-a-degeneracao-macular/,2018-10-22T13:08:51,2018-10-22T13:08:51,2024-03-01T13:17:11,Oftalmologia,,2,1743,open,fddc51182c5c2a48f67fa5b25a7c7c091f26f89b72d8d8c7db8c4fa079ca3e3e,3504
